episode,reward,success,length,final_error,epsilon,avg_loss,wall_clock_time
1,-167.3147630095482,0.0,150,1.4423299671924124,0.985,0.0,0.21404623985290527
2,-47.518175057508046,0.0,150,0.08925665736692412,0.970225,0.0,0.4282841682434082
3,-71.7227274775505,0.0,150,0.2908397656733094,0.955671625,0.0,0.6417901515960693
4,-181.97442519664764,0.0,150,1.6863286939792415,0.941336550625,0.11593041175257156,1.4463520050048828
5,-223.9403781890869,0.0,150,1.4981671048231324,0.927216502365625,0.01974728242494166,2.483067035675049
6,20.412866893224418,1.0,46,0.03866077625644843,0.9133082548301407,0.06857529885904945,2.8119890689849854
7,-93.56177544146776,0.0,150,0.7820488903485897,0.8996086310076885,0.0391187090985477,3.8381690979003906
8,-179.16094663739204,0.0,150,0.3991460266860758,0.8861145015425732,0.0477186272572726,4.900567054748535
9,-190.3317294716835,0.0,150,1.0158546541863724,0.8728227840194346,0.022159897352879245,5.935193061828613
10,-185.2884223461151,0.0,150,1.161052783341971,0.8597304422591431,0.04659061645468076,6.9765801429748535
11,-48.97082181787117,0.0,150,0.43278737703503395,0.8468344856252559,0.03574840108553568,8.020305156707764
12,-30.134925829526043,0.0,150,0.12687310767856824,0.834131968340877,0.029721440356224774,9.019556045532227
13,-241.47886222600937,0.0,150,1.9257901888328441,0.8216199888157638,0.04020433012396097,10.047331094741821
14,-229.16862165927887,0.0,150,1.157056702399882,0.8092956889835273,0.022240690930436055,11.063727140426636
15,-146.3519030213356,0.0,150,1.7369039700267508,0.7971562536487744,0.038751405365765094,12.062526941299438
16,-64.4604347937042,0.0,150,0.3617586000570255,0.7851989098440427,0.037024925307681165,13.12524700164795
17,-124.82863920927048,0.0,150,0.609146386978592,0.773420926196382,0.027367745159814754,14.170867204666138
18,-52.960851297155024,0.0,150,0.6498222214278468,0.7618196123034363,0.03341237534458438,15.182951211929321
19,-55.83892668560147,0.0,150,0.5668750731625094,0.7503923181188847,0.024163080255190532,16.24587321281433
20,-155.953930914402,0.0,150,0.5751256180265438,0.7391364333471014,0.03126136068254709,17.290251970291138
21,-135.36216390132904,0.0,150,1.2442223242911894,0.7280493868468949,0.02984258561084668,18.342846870422363
22,-130.00495666265488,0.0,150,0.629966942700557,0.7171286460441915,0.02212684206975003,19.419650077819824
23,2.328334901295598,1.0,93,0.03808866658598842,0.7063717163535286,0.03370935742252616,20.06164288520813
24,-111.8901614844799,0.0,150,0.7306483166202493,0.6957761406082257,0.024059444771458705,21.130104064941406
25,-38.438231498003006,0.0,150,0.20878878362889158,0.6853394984991023,0.025383182211468618,22.17452311515808
26,12.824191705096744,1.0,74,0.0005338731573809041,0.6750594060216157,0.020151771063840872,22.69681715965271
27,1.0798471044050473,1.0,129,0.035813634237660597,0.6649335149312915,0.02353182653788217,23.585384130477905
28,17.52659925362095,1.0,8,0.032217040918829896,0.6549595122073221,0.03113359573762864,23.644029140472412
29,27.6718644821085,1.0,55,0.023484105803787292,0.6451351195242122,0.025793982144783845,24.054883003234863
30,-49.047901977878055,0.0,150,0.017257399798261464,0.635458092731349,0.028735084955890975,25.10294508934021
31,14.872066658735275,1.0,29,0.013535129094287057,0.6259262213403788,0.04260004568716575,25.309630870819092
32,-75.9491934813559,0.0,150,0.4046836607008085,0.6165373280202731,0.027226090617477893,26.358346939086914
33,29.124767327684225,1.0,86,0.027967010278970028,0.607289268099969,0.02487130871389148,26.962584972381592
34,-27.038418918723625,0.0,150,0.14055495233796034,0.5981799290784694,0.03202793370311459,28.026429176330566
35,3.070486761949713,1.0,120,0.03132807132503301,0.5892072301422924,0.028949052716294926,28.89258098602295
36,17.244672247604466,1.0,12,0.0014786085938657267,0.580369121690158,0.02914301243921121,28.97241711616516
37,-27.170354687538918,1.0,67,0.0017112790712197068,0.5716635848648056,0.029340863200043563,29.434614896774292
38,-6.468754208041361,1.0,48,0.01751080498914892,0.5630886310918335,0.036727794931114964,29.760451078414917
39,17.240110666677356,1.0,12,0.030363980367467125,0.554642301625456,0.032438498766471945,29.847678184509277
40,-9.196713334415097,1.0,134,0.026870115909263692,0.5463226671010741,0.034807744498517534,30.842939138412476
41,10.8337831328623,1.0,63,0.004757893448162354,0.538127827094558,0.03655361798074511,31.276658058166504
42,7.962803581368644,1.0,30,0.00021927797770393553,0.5300559096881396,0.04556839320187767,31.49589490890503
43,7.107172895409165,1.0,69,0.02851898795355501,0.5221050710428176,0.04150626727420351,32.01467323303223
44,10.511267604678869,1.0,28,0.00583444843267944,0.5142734949771753,0.031867890718526075,32.22239899635315
45,2.7612878888263377,0.0,150,0.04655095716840485,0.5065593925525177,0.04460976472745339,33.27329707145691
46,11.924213527626126,1.0,31,0.034713539797530224,0.4989610016642299,0.043740016378221974,33.50011205673218
47,12.234071096079424,1.0,27,0.03412986340167917,0.49147658663926647,0.0326326135545969,33.6983962059021
48,17.57986323609948,1.0,8,0.010813340106532416,0.48410443783967744,0.038122478406876326,33.75567889213562
49,-1.476136968750507,0.0,150,0.017347414886406926,0.47684287127208225,0.045206445219616094,34.80478620529175
50,16.703347620368003,1.0,36,0.018437092535411814,0.469690228203001,0.047336287486056484,35.077292919158936
51,-11.278878652257855,1.0,130,0.015186596127118035,0.462644874779956,0.045504799886391716,36.01716494560242
52,11.967261353833598,0.0,150,0.05712222211182538,0.4557052016582566,0.04994714919477701,37.09678411483765
53,14.748962726490571,1.0,21,0.020004604716303553,0.4488696236333828,0.04427311924241838,37.24358105659485
54,4.069696653721616,1.0,44,0.01997319621406446,0.44213657927888206,0.046454769326373935,37.55577206611633
55,1.6970011564175316,1.0,38,0.008048942838903339,0.43550453058969885,0.06170228015827505,37.82645106315613
56,-1.75436604479329,1.0,75,0.02379428968993924,0.42897196263085335,0.052425697123010956,38.39541506767273
57,26.05742346793413,1.0,49,0.008425920377694851,0.42253738319139056,0.061103333700068145,38.74160623550415
58,4.9862971247523005,1.0,66,0.0008736050802324868,0.4161993224435197,0.05154746547905785,39.2042601108551
59,-9.096759410947566,1.0,46,0.035284415187065044,0.4099563326068669,0.05469544547731462,39.54107999801636
60,10.991425203159453,1.0,138,0.035869145798459345,0.4038069876177639,0.04609825579530519,40.563512086868286
61,16.745068929716943,1.0,17,0.022331988237177497,0.39774988280349743,0.05710651933708612,40.68271613121033
62,2.289051769801876,1.0,33,0.02088017865114722,0.391783634561445,0.05384063935189536,40.91878008842468
63,12.42134776697494,1.0,21,0.0300168936886831,0.3859068800430233,0.040101485504280956,41.076510190963745
64,-9.53311968948693,1.0,66,0.008158743141545743,0.380118276842378,0.05824180494881037,41.586958169937134
65,12.39676982933015,1.0,38,0.005573700393683323,0.3744165026897423,0.04648225612350201,41.85757613182068
66,7.828029598924326,1.0,63,0.014335952931952667,0.3688002551493962,0.05653352772314397,42.3041410446167
67,13.76331035210751,1.0,46,0.00980373966407444,0.36326825132215523,0.04649353324962051,42.6258270740509
68,-8.715297358232789,1.0,52,0.006548630475274875,0.3578192275523229,0.05209275256269253,43.01856207847595
69,9.916688632033765,1.0,29,0.014494980002464741,0.35245193913903805,0.05709952392197888,43.23577427864075
70,20.113518806989305,1.0,59,0.02216478770636976,0.34716516005195247,0.057470079606114804,43.65072298049927
71,10.790691286436049,1.0,25,0.019252789825537797,0.34195768265117316,0.05987243749201298,43.82650017738342
72,10.018435403786135,1.0,35,0.01657807227525876,0.33682831741140556,0.04596631761108126,44.07907819747925
73,21.653459692932664,1.0,62,0.013067044724631383,0.3317758926502345,0.05147916339938679,44.53243899345398
74,13.49075448794174,1.0,21,0.008488231964596638,0.32679925426048095,0.04327373197745709,44.687347173690796
75,-1.8118787512183232,1.0,35,0.017699542118466915,0.3218972654465737,0.05472696301128183,44.955894947052
76,0.3593061913968896,1.0,51,0.006671179123316717,0.3170688064648751,0.05106927352208717,45.310259103775024
77,-5.3801872261799915,1.0,43,0.01752637322329642,0.312312774367902,0.050869176684077394,45.61989188194275
78,4.384706212207673,1.0,30,0.019221787857173434,0.30762808275238346,0.055034297953049344,45.84282422065735
79,14.979880089638755,1.0,26,0.009185119412762677,0.3030136615110977,0.048995751314438306,46.03504204750061
80,-2.2974856773857084,1.0,37,0.0027116391434161002,0.29846845658843124,0.0520759312989744,46.312199115753174
81,10.296871661581099,1.0,23,0.017477552770452265,0.2939914297396048,0.05106096965787203,46.4882390499115
82,8.459154648706315,1.0,33,0.007311054321654464,0.28958155829351073,0.05747128695701108,46.720184087753296
83,1.9777941191568935,1.0,32,0.015131083641623855,0.2852378349191081,0.0504432997549884,46.94926619529724
84,9.440060333488509,1.0,24,0.002125234598196468,0.28095926739532145,0.05401747766882181,47.118520975112915
85,10.811538550909608,1.0,23,0.004377832778986623,0.2767448783843916,0.054961280087413994,47.28206515312195
86,10.849751029536128,1.0,23,0.004766252937559612,0.27259370520862575,0.047304487746694816,47.455244064331055
87,17.755792086571454,1.0,8,0.012849389104284566,0.26850479963049634,0.05916794762015343,47.51769495010376
88,21.683543677814306,1.0,23,0.018640356081887938,0.26447722763603887,0.05106850964543612,47.68958401679993
89,11.228773279429879,1.0,24,0.01741680639057741,0.2605100692214983,0.046402584838991366,47.8706111907959
90,13.73981110434979,1.0,19,0.01290956310706215,0.2566024181831758,0.0626555095965925,48.01599192619324
91,-11.159063435939611,1.0,40,0.007095979044914769,0.2527533819104282,0.04977950975298882,48.31246209144592
92,-3.4295357629889693,1.0,42,0.0004625563638285257,0.24896208118177174,0.0707123340329244,48.61616110801697
93,14.329098295327276,1.0,21,0.013023753186059195,0.24522764996404517,0.0528143843015035,48.76715898513794
94,12.22003847726155,1.0,22,0.001649364195865144,0.2415492352145845,0.05791577019474723,48.922900915145874
95,1.4947503920353427,1.0,29,0.00395661110621659,0.23792599668636571,0.05677182394368895,49.14617419242859
96,13.421484616800443,1.0,23,0.00045844444710441135,0.23435710673607021,0.04350216808202474,49.321009159088135
97,17.051213906705378,1.0,18,0.006580399664644743,0.23084175013502917,0.05438560278465351,49.46642208099365
98,10.760507735982538,1.0,24,0.0005740576906774209,0.22737912388300371,0.0510874743728588,49.652580976486206
99,8.48824067545356,1.0,26,0.004200509933840912,0.22396843702475866,0.04623067207061327,49.83941197395325
100,9.817018998460844,1.0,24,0.0044702559692768595,0.22060891046938727,0.0456927710523208,50.01521396636963
101,17.208016889542343,1.0,14,0.005068905556751602,0.21729977681234647,0.054534178493278365,50.11444306373596
102,9.901015414507123,1.0,46,0.0009405528046420031,0.21404028016016127,0.056026933633762856,50.44834923744202
103,13.172248050384223,1.0,22,0.008128401467525692,0.21082967595775884,0.061124384657225826,50.61568808555603
104,-1.2476152563467657,1.0,37,0.028076970132595025,0.20766723081839245,0.053798991532341855,50.894420862197876
105,-5.972581676882697,1.0,37,0.01075604274587394,0.20455222235611656,0.05423035437392222,51.18744111061096
106,12.507157865725459,1.0,21,0.025246878033464593,0.2014839390207748,0.05341442222041743,51.347991943359375
107,11.899641984514892,1.0,21,0.02158925709402959,0.19846167993546318,0.049059805061135976,51.50154995918274
108,8.914017520006746,1.0,26,0.014396423690871685,0.19548475473643123,0.046978579762463384,51.68888592720032
109,16.375984709709883,1.0,15,0.01380960535563619,0.19255248341538475,0.04032632460196813,51.795464277267456
110,15.493366816500203,1.0,18,0.008456748761609123,0.18966419616415398,0.04647907832016548,51.92459321022034
111,-0.794307471357758,1.0,39,0.001255190206057799,0.18681923322169167,0.05065876006697997,52.218966007232666
112,12.186886325292289,1.0,26,0.02011008848077339,0.1840169447233663,0.0646880602893921,52.415449142456055
113,17.27424171253806,1.0,12,0.01273176052576308,0.1812566905525158,0.058981309023996197,52.50648212432861
114,13.485432383278384,1.0,21,0.006331830523362392,0.17853784019422808,0.05199489494164785,52.672065019607544
115,16.37122291238047,1.0,15,0.012436913591337417,0.17585977259131466,0.05423262690504392,52.786813259124756
116,-3.179394044214863,1.0,36,0.008568825333316044,0.17322187600244493,0.05114349929822816,53.04557418823242
117,6.21049913058523,1.0,26,0.0035413910798836046,0.17062354786240824,0.05052736996171566,53.230032205581665
118,15.028583656740373,1.0,18,0.010495122299564896,0.16806419464447211,0.05142144372479783,53.36008596420288
119,16.893192919483408,1.0,15,0.0026679578012356875,0.16554323172480503,0.061137068271636966,53.463702917099
120,10.78027626297553,1.0,25,0.005272442748562756,0.16306008324893295,0.04769255094230175,53.636024951934814
121,4.537311433139253,1.0,30,0.0036046408948553488,0.16061418200019895,0.046107078343629836,53.85167717933655
122,10.740597778838127,1.0,25,0.0034850396136671957,0.15820496927019595,0.042827238216996195,54.03899002075195
123,16.995664929423945,1.0,14,0.0074382932707315885,0.155831894731143,0.05768430392657008,54.14460015296936
124,9.760523623577319,1.0,24,0.012337760009056287,0.15349441631017585,0.05033428439249595,54.32916307449341
125,12.677258969610556,1.0,21,0.005924484171454858,0.15119200006552322,0.04501569891969363,54.49147319793701
126,16.500292443716898,1.0,15,0.019764042722020925,0.14892412006454037,0.04683010106285413,54.59522819519043
127,16.522131988964976,1.0,16,0.009064641042712207,0.14669025826357227,0.05129374749958515,54.70611596107483
128,13.517042575958657,1.0,36,0.012244359137563166,0.14448990438961867,0.04982155959846245,54.95870518684387
129,12.32401848869049,1.0,22,0.0021489689867956185,0.1423225558237744,0.04443230141292919,55.10996913909912
130,14.422978717740625,1.0,18,0.007712591172840844,0.14018771748641778,0.045123986796372466,55.23163318634033
131,11.563317736983299,1.0,22,0.01005645915375386,0.13808490172412152,0.051689026030627166,55.39602088928223
132,1.0323970780242178,1.0,33,0.0031666743961884514,0.1360136281982597,0.045377877399776924,55.6437349319458
133,14.764341800287365,1.0,19,0.0038192670170767995,0.13397342377528582,0.05166419938598808,55.78741407394409
134,-0.4875498452223894,1.0,33,0.0024422906456769145,0.13196382241865653,0.05422417988831347,56.041863203048706
135,16.24715870525688,1.0,18,0.003509457585194664,0.12998436508237668,0.05094314656323857,56.17032814025879
136,8.25244810502627,1.0,25,0.0010765830139376487,0.12803459960614103,0.04482610635459423,56.34732627868652
137,1.728691870166216,1.0,31,0.004543130881608626,0.1261140806120489,0.04454255614790224,56.56865191459656
138,14.467487771436572,1.0,18,0.03776178652682732,0.12422236940286817,0.04927039622432656,56.697455167770386
139,7.872062665794511,1.0,25,0.0010874801317035665,0.12235903386182514,0.05092723995447159,56.874736070632935
140,17.67291691358696,1.0,28,0.0011427705458291193,0.12052364835389777,0.0485336458576577,57.07947301864624
141,-0.4220772126340364,1.0,32,0.008799352934892202,0.1187157936285893,0.045559873164165765,57.325387954711914
142,9.197789410760743,1.0,25,0.00853943377671551,0.11693505672416046,0.04274788893759251,57.51953983306885
143,15.532289492245763,1.0,17,0.01699673595227985,0.11518103087329805,0.05008414825972389,57.64748001098633
144,15.169849210674874,1.0,17,0.026705585393168085,0.11345331541019858,0.05279470695292249,57.77112603187561
145,16.086816729884596,1.0,16,0.01654836601312004,0.11175151567904561,0.05133952805772424,57.88375401496887
146,11.836553138773889,1.0,23,0.005384963328149861,0.11007524294385992,0.04669119109926016,58.037501096725464
147,16.34447904677945,1.0,16,0.002524135813348538,0.10842411429970203,0.044206588761880994,58.14870810508728
148,15.35623042108491,1.0,18,0.008053708680411109,0.1067977525852065,0.04058100852287478,58.27339005470276
149,-3.8479439802002204,1.0,34,0.001457948901143924,0.10519578629642841,0.0436912657254759,58.517197132110596
150,12.041386596835219,1.0,22,0.0212413563707613,0.10361784950198198,0.04443620213053443,58.679884910583496
151,16.124315200187265,1.0,15,0.01097256326791074,0.10206358175945225,0.038323203350106874,58.795639991760254
152,2.992821527519113,1.0,30,0.005263216089759881,0.10053262803306047,0.04223824695994457,59.026435136795044
153,10.45258349068463,1.0,34,0.004041381202710359,0.09902463861256457,0.043700148406274175,59.28558826446533
154,2.658405007468531,1.0,29,0.009140603157346883,0.09753926903337609,0.04391052239927752,59.495595932006836
155,0.15328830718062392,1.0,31,0.013105442751213836,0.09607617999787545,0.04772833710716617,59.71472716331482
156,9.238654985759057,1.0,28,9.083504757056993e-05,0.09463503729790732,0.04650869865768722,59.91322302818298
157,11.82792303628521,1.0,22,0.00026575491957536723,0.0932155117384387,0.039865753444081005,60.06709122657776
158,12.64080344986869,1.0,21,0.0034859290330038206,0.09181727906236212,0.0491276029497385,60.22312021255493
159,-4.487841359255256,1.0,35,0.004092136232384247,0.09044001987642668,0.04917323786233153,60.49449419975281
160,17.791149539570323,1.0,10,0.0015378871454510834,0.08908341957828028,0.0422922145575285,60.57125401496887
161,7.483535517612471,1.0,26,0.0028695037155720415,0.08774716828460608,0.04592426436451765,60.76378011703491
162,15.635278509673661,1.0,18,0.015350593332121132,0.08643096076033699,0.04007746413764027,60.903862953186035
163,2.4668009172542895,1.0,29,0.005701721678290417,0.08513449634893193,0.04391973857478849,61.11237812042236
164,4.7062984109557835,1.0,27,5.864691255141885e-05,0.08385747890369795,0.05009122179062278,61.30549502372742
165,16.5840708295349,1.0,14,0.017087482816627947,0.08259961672014247,0.049906657210418155,61.40380311012268
166,-0.47897950685583623,1.0,32,0.01134555076241206,0.08136062246934034,0.048734348674770445,61.63191223144531
167,16.957467173598708,1.0,14,0.013190979281612725,0.08014021313230023,0.04983084462583065,61.7304790019989
168,10.265538574755192,1.0,22,0.007887666482646605,0.07893810993531572,0.04686405272646384,61.90201210975647
169,17.126524133747445,1.0,14,0.002481660887921844,0.07775403828628598,0.04047809261828661,62.00783824920654
170,14.952121975831687,1.0,19,0.001014828376609045,0.07658772771199168,0.05184536250798326,62.15040922164917
171,12.56794378333725,1.0,21,0.0020939286671559643,0.0754389117963118,0.04551702587022668,62.307730197906494
172,11.503739343315829,1.0,23,0.0021979563667975377,0.07430732811936713,0.046160141734973244,62.4844012260437
173,-0.9246415117319025,1.0,32,0.001744331781638575,0.07319271819757663,0.05007205973379314,62.71512699127197
174,-0.45346815846860977,1.0,31,0.0037476993669594005,0.07209482742461297,0.04350795254351631,62.93717813491821
175,3.6061741876532283,1.0,28,0.0011695430121816397,0.07101340501324377,0.04634690737085683,63.148208141326904
176,-1.5884052640292836,1.0,33,0.010228111150767827,0.06994820393804511,0.05181035856631669,63.39508295059204
177,11.317345219757408,1.0,23,0.007012530781306592,0.06889898087897443,0.05119397831351861,63.57158017158508
178,1.4691080561839023,1.0,31,0.009707615933862712,0.06786549616578981,0.051554465786583965,63.82934212684631
179,16.854518110258503,1.0,14,0.003006127932956959,0.06684751372330296,0.04470858536660671,63.94232392311096
180,17.863231632485984,1.0,8,0.004035074693866231,0.06584480101745341,0.04838018584996462,64.00376915931702
181,10.203236882283814,1.0,35,0.011342250188473457,0.06485712900219161,0.05212855083601815,64.26321196556091
182,15.349608235061169,1.0,18,0.013103059260207106,0.06388427206715873,0.048230431973934174,64.38789010047913
183,13.866221946338191,1.0,19,0.002283007060244646,0.06292600798615135,0.04617943193175291,64.5239269733429
184,12.112052792985924,1.0,21,0.0058601755634355435,0.06198211786635908,0.045003714660803475,64.6736490726471
185,16.466778002062348,1.0,15,0.0008794044346333019,0.06105238609836369,0.05239363188544909,64.77926206588745
186,12.191667647735448,1.0,21,0.000136739078285264,0.060136600306888235,0.05144864320755005,64.93280410766602
187,3.93732541031204,1.0,27,0.004097176116019341,0.05923455130228491,0.054950698658272075,65.14455914497375
188,8.119244641065597,1.0,26,0.00544596838469158,0.058346033032750634,0.06306235134028472,65.34174799919128
189,14.979012624593452,1.0,18,0.006556046368945245,0.05747084253725938,0.06247075502243307,65.4777660369873
190,14.296150963404216,1.0,19,0.007362220807083597,0.05660877989920048,0.05894693006810389,65.62156009674072
191,12.451446487754584,1.0,22,0.009940256844511275,0.055759648200712476,0.05397691171277653,65.78330206871033
192,6.339209955933618,1.0,27,0.004121259315987169,0.054923253477701786,0.056441619509348166,65.97711205482483
193,16.415006023494062,1.0,15,0.008048468277225551,0.054099404675536256,0.05562532717982928,66.08370304107666
194,6.09429756719619,1.0,27,0.006614045766456966,0.05328791360540321,0.05867892876267433,66.27657794952393
195,16.63352856030688,1.0,15,0.0028744567252834696,0.05248859490132216,0.047744313503305116,66.3861632347107
196,17.60080792415247,1.0,11,0.00014352575936621426,0.05170126597780233,0.05614517493681474,66.46520709991455
197,9.749974913068582,1.0,24,0.0008838986631746204,0.05092574698813529,0.05647402023896575,66.64420294761658
198,12.436121067118801,1.0,21,0.0014225828996548007,0.05016186078331326,0.05242745312196868,66.80271816253662
199,15.661321261478587,1.0,17,0.0029341855620971247,0.05,0.057043366024599355,66.93164300918579
200,11.181971046247053,1.0,24,0.008121368960614772,0.05,0.06918786279857159,67.11730813980103
201,16.803364292439074,1.0,14,0.0066656019840553304,0.05,0.061562729733330865,67.23156404495239
202,11.720666354286369,1.0,24,0.006689071418690906,0.05,0.057364880883445345,67.41003513336182
203,17.61649974548491,1.0,10,0.003583827682896862,0.05,0.059616309404373166,67.48251414299011
204,16.24336779732257,1.0,15,0.014972780181612522,0.05,0.05613239842156569,67.58928298950195
205,8.891115730372258,1.0,25,0.0006047678102961696,0.05,0.0622259084880352,67.77072930335999
206,12.569915074948222,1.0,20,0.0017952002416112833,0.05,0.05649512000381947,67.91299104690552
207,0.5189041778910877,1.0,30,0.012677015858613139,0.05,0.06085443068295717,68.13175392150879
208,14.71313769443659,1.0,20,0.012039238995652513,0.05,0.05583034884184599,68.28175616264343
209,15.050801266473718,1.0,18,0.004817889196174208,0.05,0.059500242583453655,68.42010998725891
210,15.017167171873734,1.0,17,0.0034916461277259003,0.05,0.058960147859419096,68.55456519126892
211,15.965825357101858,1.0,16,0.014047626336665231,0.05,0.06773796165362,68.67633414268494
212,17.11434783320874,1.0,13,0.007512135749832699,0.05,0.05518936623747532,68.77543807029724
213,7.258302642358466,1.0,25,0.008754121060353226,0.05,0.0704041637480259,68.9602701663971
214,10.605999872321263,1.0,23,0.002914316828783403,0.05,0.07653444592395554,69.12257814407349
215,9.393473736266605,1.0,23,0.005403642801406705,0.05,0.06653864989462106,69.28828001022339
216,17.762830979283898,1.0,9,0.007409949280013782,0.05,0.05006860610511568,69.35217809677124
217,14.139223604885046,1.0,19,0.0020697175448993743,0.05,0.06854288348633993,69.48720622062683
218,-0.7996496966341553,1.0,32,0.008366906993900303,0.05,0.054149486823007464,69.716717004776
219,17.684636854426934,1.0,10,0.0018771022710448448,0.05,0.06080851592123508,69.78998494148254
220,5.819563621142878,1.0,26,0.005040305131492007,0.05,0.05532183741720823,70.00234007835388
221,17.578727312479167,1.0,11,0.002313598583024684,0.05,0.061556445096026764,70.08614015579224
222,17.891592377395135,1.0,8,0.0010053108450989567,0.05,0.05271728755906224,70.14696907997131
223,17.356823225691915,1.0,12,0.005463210647562472,0.05,0.0566885230752329,70.23845911026001
224,15.327081361239834,1.0,18,0.005015543198955752,0.05,0.05608182503945298,70.37894010543823
225,14.604303896764758,1.0,18,0.0006699275160502172,0.05,0.06304646366172367,70.51479506492615
226,-0.21789268312859633,1.0,31,0.008736832684010043,0.05,0.0635098715222651,70.73885893821716
227,17.263112048059703,1.0,13,0.006926632325793991,0.05,0.07601662495961556,70.83080410957336
228,17.733552694274113,1.0,8,0.0034203680871448226,0.05,0.05996526591479778,70.89155697822571
229,8.219374138861895,1.0,24,0.0041004702536741044,0.05,0.06626800432180364,71.06214809417725
230,17.32234999900684,1.0,12,0.014624038936714628,0.05,0.07009784566859405,71.14873909950256
231,14.741819294961168,1.0,19,0.002507340487811094,0.05,0.08305175318137596,71.28079986572266
232,-4.071990568970797,1.0,35,0.0008139847466233086,0.05,0.07231554330459662,71.5470142364502
233,1.799182254064359,1.0,29,0.0029363523486853893,0.05,0.0681102713248853,71.77583813667297
234,4.883919535716993,1.0,28,0.007654613154807199,0.05,0.07054774815748845,71.99031400680542
235,16.191092585586013,1.0,15,0.006156750914782905,0.05,0.07169170255462329,72.10519695281982
236,11.130339562695008,1.0,22,0.0022221081752922256,0.05,0.0591223741966215,72.26019501686096
237,11.831304920988623,1.0,28,0.010921046670031576,0.05,0.06037788638578994,72.45607209205627
238,-2.238691497105176,1.0,33,0.013436754608448842,0.05,0.06200753959516684,72.69261908531189
239,17.09248326861416,1.0,13,0.011055940480928561,0.05,0.060653917777996794,72.7873260974884
240,13.157082087802701,1.0,20,0.004617039546424895,0.05,0.07363575305789709,72.92721199989319
241,9.406951599847526,1.0,23,0.0074027129225506805,0.05,0.07717291784027348,73.10758900642395
242,13.178570057448814,1.0,19,0.00023352419554145687,0.05,0.07520851747770059,73.25468301773071
243,9.173177619761555,1.0,24,0.002019839265904988,0.05,0.07469950655164818,73.43637108802795
244,17.442499341481017,1.0,12,0.013335895456167729,0.05,0.09896907458702724,73.52799892425537
245,4.642904629313849,1.0,28,0.00764061867182475,0.05,0.0765134700840073,73.73889303207397
246,10.538454127404838,1.0,29,0.009015737913037558,0.05,0.07479246288281062,73.95171308517456
247,3.98531836767215,1.0,28,0.006329608729610969,0.05,0.07960586369569812,74.16565108299255
248,17.69856065285858,1.0,8,0.0012139230327357017,0.05,0.07445863354951143,74.22247385978699
249,14.531455637270119,1.0,20,0.0005604555290386615,0.05,0.06518307747319341,74.36287212371826
250,8.468118918658002,1.0,25,0.004022470016555535,0.05,0.0973486578464508,74.54048919677734
251,10.068801318667829,1.0,23,0.011414726408592868,0.05,0.09079255252752615,74.7141330242157
252,12.586864666990005,1.0,21,0.008307877780995288,0.05,0.08896055994998842,74.87516617774963
253,13.409939678199589,1.0,21,0.004094995399875234,0.05,0.07054766604588145,75.03918623924255
254,12.223113806505262,1.0,21,0.002406228324258186,0.05,0.0891455462468522,75.2004771232605
255,11.95731149751664,1.0,21,0.0023122736819198852,0.05,0.08872301335490886,75.35968518257141
256,15.821054747421293,1.0,16,0.02079941505631977,0.05,0.07042612973600626,75.47094106674194
257,16.86881411068607,1.0,33,0.004839223872808884,0.05,0.08247296924166607,75.70013618469238
258,11.986208360781893,1.0,21,0.004057540875915477,0.05,0.07504742805446897,75.8505539894104
259,17.74401926654391,1.0,9,0.002584306340515999,0.05,0.08767624447743098,75.91397190093994
260,8.884334405325355,1.0,24,0.007822100859146919,0.05,0.08540131306896608,76.08219528198242
261,15.37003501355648,1.0,18,0.005112706520790877,0.05,0.07609671457774109,76.21334505081177
262,15.038610025861999,1.0,18,0.003235681756352804,0.05,0.08394067382646932,76.3500771522522
263,11.120976558269467,1.0,28,0.0012562596628842293,0.05,0.07212994580290147,76.56974816322327
264,11.363442717306315,1.0,22,0.012027791658656972,0.05,0.09566606835208157,76.74111199378967
265,13.24036719353171,1.0,20,0.002183151035781039,0.05,0.07503796461969614,76.89493227005005
266,11.551315039023757,1.0,21,0.0033474816501071203,0.05,0.06933085584924334,77.04204320907593
267,15.853645475092344,1.0,16,0.005156060544112773,0.05,0.07868233602494001,77.15498423576355
268,15.775827631377615,1.0,16,0.012913415399419037,0.05,0.07723328564316034,77.26905798912048
269,14.126833876594901,1.0,19,0.005410497175742823,0.05,0.07242296783155516,77.4057981967926
270,15.156367981713265,1.0,17,0.002443558729403106,0.05,0.0851407683290103,77.52601599693298
271,13.144513283995911,1.0,19,0.004248934740380239,0.05,0.0754243255053696,77.65666007995605
272,1.7276803282089475,1.0,29,0.009148409926027279,0.05,0.09231237257862913,77.87127017974854
273,7.899103952781298,1.0,25,0.0017283898071087656,0.05,0.09849536299705505,78.06407308578491
274,-2.0774780031584683,1.0,33,0.002487792105066111,0.05,0.09836838721777454,78.33186030387878
275,-1.569140233972579,1.0,33,0.003669067225481326,0.05,0.09070026073040384,78.59947896003723
276,0.6540624588669708,1.0,38,0.009369597606327273,0.05,0.06456656602064245,78.88337826728821
277,15.384329238533972,1.0,18,0.0023298530225296377,0.05,0.09082690947171715,79.01346921920776
278,6.693482122709972,1.0,26,0.002359914003919883,0.05,0.08416504964519006,79.20310711860657
279,12.282748186402022,1.0,21,0.013872522565103962,0.05,0.07265792467764445,79.35326886177063
280,17.28288309534546,1.0,12,0.001146941521470074,0.05,0.061280613765120506,79.44832825660706
281,19.50073610553518,1.0,20,0.0018208909457861633,0.05,0.09832096500322222,79.604651927948
282,16.280329156934748,1.0,16,0.0037503230500061657,0.05,0.077331917360425,79.7288019657135
283,16.665118025429546,1.0,15,0.013508944606653056,0.05,0.08915616422891617,79.84281206130981
284,11.010631102137268,1.0,22,0.008250738254321655,0.05,0.09584880721839992,80.01026105880737
285,12.979111893009394,1.0,20,0.003402929567956736,0.05,0.08222044296562672,80.1628770828247
286,0.6968956055585274,1.0,31,0.003907009457148725,0.05,0.08985708924310823,80.38581800460815
287,16.018227988650324,1.0,16,0.0049556700995477265,0.05,0.09413867187686265,80.5029091835022
288,-3.2270920741488247,1.0,35,0.007680801289409622,0.05,0.09691353482859476,80.76218891143799
289,17.564904673164712,1.0,10,0.002431582897401016,0.05,0.08570157773792744,80.83356618881226
290,13.334784519788808,1.0,21,0.0018370636894932124,0.05,0.09130398450153214,80.97947525978088
291,-0.5216020801221042,1.0,32,0.0004875590600217361,0.05,0.07173556933412328,81.22479009628296
292,17.026621320145203,1.0,13,0.0009267039042966108,0.05,0.08921970169131573,81.32025122642517
293,17.212871562596412,1.0,11,0.0023237865387505663,0.05,0.09351762790571559,81.40435194969177
294,-0.3169898827327451,1.0,31,0.012905674309552362,0.05,0.09610243093582892,81.6435010433197
295,9.551028967881576,1.0,24,0.0026702912365698106,0.05,0.06596980538840096,81.81606388092041
296,9.193123555602506,1.0,23,0.008213032847651847,0.05,0.08151251774119295,81.97613620758057
297,17.048429181647954,1.0,14,0.006414043977653466,0.05,0.08451236478452172,82.07294011116028
298,6.159108791477045,1.0,26,0.00018810026260029922,0.05,0.10441180576498692,82.25665497779846
299,13.637932444157194,1.0,20,0.00019735206780946424,0.05,0.09332610936835409,82.40024495124817
300,12.870479289884678,1.0,21,0.01645535315609481,0.05,0.11129823406892163,82.54475522041321
301,7.054388468759133,1.0,27,0.01324705007145277,0.05,0.09247044191040375,82.7520661354065
302,11.143849104864056,1.0,22,0.004162916408672945,0.05,0.11228141662749377,82.92034411430359
303,11.232245726138354,1.0,23,0.0035340248439655886,0.05,0.09639524344516837,83.09604120254517
304,15.99463197277073,1.0,16,3.192750452196691e-05,0.05,0.09438649867661297,83.21391892433167
305,16.705496192071585,1.0,14,0.002301652440847124,0.05,0.08329023354287658,83.32645010948181
306,15.42154642608657,1.0,17,0.006586522974399489,0.05,0.09021934625857017,83.45002794265747
307,17.746024466026576,1.0,8,0.007345964208587352,0.05,0.07720768777653575,83.50872898101807
308,3.056740858289409,1.0,29,0.0013373799566640532,0.05,0.08582599075703785,83.71086502075195
309,12.277766336023342,1.0,22,0.00578791573422921,0.05,0.0935722967101769,83.87080907821655
310,16.99143912316067,1.0,14,0.001429208525271758,0.05,0.11342566753072399,83.9731011390686
311,6.7880206490866835,1.0,27,0.008220942525910213,0.05,0.10825156420469284,84.16471219062805
312,13.462448407290502,1.0,20,0.003319007591296441,0.05,0.13007284570485353,84.31950211524963
313,15.41346311814268,1.0,17,0.00975533141531626,0.05,0.10139071875635315,84.45060706138611
314,16.764048429206014,1.0,14,0.003803199227870424,0.05,0.09229200426489115,84.55573391914368
315,16.64173158085905,1.0,14,0.006635511728099869,0.05,0.08710608950683049,84.66236615180969
316,13.048465092992409,1.0,21,0.003544806107914855,0.05,0.10292712368425869,84.82433295249939
317,17.11691203675582,1.0,13,0.013608875249522784,0.05,0.08438508742703842,84.9240391254425
318,-0.4224668954033426,1.0,31,0.004886393427858904,0.05,0.09344309261969981,85.14940309524536
319,17.87795062245859,1.0,8,0.0009061413550214975,0.05,0.08950783032923937,85.20624303817749
320,13.770258815400302,1.0,19,0.0008119605730406709,0.05,0.09716965493402983,85.34204888343811
321,0.33327874036912775,1.0,30,0.004138961951471343,0.05,0.11413709968328475,85.5584659576416
322,15.049816253595054,1.0,32,0.00742029103514541,0.05,0.11462942423531786,85.78909206390381
323,10.79809088469483,1.0,30,0.004140918310137631,0.05,0.11186783580730358,86.01909303665161
324,12.948553730081766,1.0,21,0.00514590013832783,0.05,0.08912273248036702,86.17808103561401
325,17.977907640859485,1.0,8,0.0027615449917311016,0.05,0.09066680073738098,86.23841309547424
326,17.248910282365976,1.0,11,0.005936672672649371,0.05,0.08251192793250084,86.32161927223206
327,7.4639266708865755,1.0,25,0.006902809934091092,0.05,0.1183096369355917,86.50992703437805
328,5.92965553785907,1.0,26,0.01602978004295541,0.05,0.0981206687597128,86.69648313522339
329,17.460659694927745,1.0,11,0.0010964552533669625,0.05,0.13660965927622534,86.77699208259583
330,11.005173667147755,1.0,23,0.0095536639111794,0.05,0.11819936853388081,86.93491911888123
331,0.1683648035861509,1.0,31,0.003030729394241316,0.05,0.08282031761782785,87.16300106048584
332,16.73809608926531,1.0,27,0.003078450040591263,0.05,0.11608224872637678,87.35788106918335
333,1.4042419281788128,1.0,30,0.011457590708276788,0.05,0.08616834531227748,87.59918308258057
334,16.679728606555727,1.0,15,0.007044634387425447,0.05,0.09128111029664675,87.71377205848694
335,17.252058133250102,1.0,12,0.006777443206984063,0.05,0.09464189317077398,87.80421018600464
336,14.963201154861599,1.0,19,0.007851837181557353,0.05,0.0837061973778825,87.94768404960632
337,13.545558850574889,1.0,20,0.0022323668211396974,0.05,0.10071317413821816,88.10221409797668
338,15.564588955801446,1.0,16,0.013826141196160768,0.05,0.10705071617849171,88.21588492393494
339,7.151236549625172,1.0,26,0.016320499830712487,0.05,0.07707410026341677,88.4031331539154
340,16.647520481700486,1.0,14,0.005181369366316357,0.05,0.09195204824209213,88.50247120857239
341,10.746975666657091,1.0,22,0.0037374752140877376,0.05,0.11015024391764944,88.65891098976135
342,17.05386624437233,1.0,13,0.009425543020521648,0.05,0.10117327135342818,88.7535080909729
343,17.358080782811157,1.0,12,0.0010568880403349634,0.05,0.09022750131164987,88.83724904060364
344,15.85576140944031,1.0,16,0.012566034679531102,0.05,0.07355815754272044,88.94991517066956
345,17.549736185063374,1.0,9,0.001509746945112092,0.05,0.08492045870257749,89.0201461315155
346,14.602819547895342,1.0,19,0.0041342325968905524,0.05,0.10065020640429698,89.16303420066833
347,9.775594415125669,1.0,23,0.010623044444191931,0.05,0.08153864028661148,89.33841300010681
348,11.274104364577214,1.0,24,0.0025420906668869314,0.05,0.11600093248610695,89.52013802528381
349,8.186945715826004,1.0,25,0.005135170256125865,0.05,0.09049661561846734,89.70878314971924
350,23.425214738934297,1.0,29,0.002125509069949294,0.05,0.11663449658402081,89.91240429878235
351,17.867213491210713,1.0,8,0.004052671641917888,0.05,0.10825393628329039,89.9691219329834
352,7.536263986770064,1.0,26,0.004206738920765618,0.05,0.10163165901142818,90.15065217018127
353,13.328425442370644,1.0,27,0.0028533391806967456,0.05,0.09501471867163976,90.33869886398315
354,17.6966827417491,1.0,8,0.009099500404525524,0.05,0.11058958992362022,90.39645886421204
355,17.413999055186288,1.0,12,0.007596198879756877,0.05,0.10856587998569012,90.48077607154846
356,5.58477524090558,1.0,27,0.023068609595295886,0.05,0.11197324311015783,90.6759250164032
357,11.846355626150034,1.0,22,0.005098044135082858,0.05,0.09244352469051426,90.8447699546814
358,15.16420940218959,1.0,17,0.010191652781350813,0.05,0.11346992149072535,90.97668409347534
359,11.124450263998005,1.0,23,0.003863239168801602,0.05,0.11859024056921834,91.15002012252808
360,17.60135324522853,1.0,22,0.009834305205335625,0.05,0.11285712180489843,91.31847906112671
361,14.646963980956933,1.0,19,0.002968577248612103,0.05,0.0891289529635718,91.45513606071472
362,17.043261610981425,1.0,13,0.0008429683860489978,0.05,0.13838604221550319,91.54750299453735
363,1.0298474860137468,1.0,31,1.147805927925738e-05,0.05,0.14706255026882695,91.78352403640747
364,11.732851530914195,1.0,21,0.004370464650899408,0.05,0.11763410855616842,91.94700908660889
365,14.244952342379838,1.0,18,0.01776684081773139,0.05,0.1134542343724105,92.08709907531738
366,14.248030349650072,1.0,19,0.003135033150530986,0.05,0.13097292312273853,92.23363089561462
367,17.118332120100966,1.0,12,0.006792746346913431,0.05,0.10434235508243243,92.32250690460205
368,17.11781230298802,1.0,13,0.004724535004624109,0.05,0.1586197385421166,92.42356705665588
369,13.311030461243355,1.0,20,0.0016543279978175063,0.05,0.08802837636321784,92.57591915130615
370,10.977444894355722,1.0,22,0.01316161712356212,0.05,0.12083416152745485,92.74347114562988
371,11.115801636315883,1.0,22,0.00607771755669595,0.05,0.10797545068304647,92.9099690914154
372,17.12780703435419,1.0,13,0.013330905182087738,0.05,0.11770650285940903,93.00434303283691
373,8.543205946139642,1.0,24,0.0077686923129860475,0.05,0.11848908911148708,93.17363405227661
374,9.261561338914907,1.0,24,0.006134639628034955,0.05,0.11565451269658904,93.345370054245
375,-0.6090416524908555,1.0,33,0.010548704471931902,0.05,0.11243213210819346,93.58220219612122
376,17.424715930735694,1.0,12,0.004410999017673473,0.05,0.12273294447610776,93.66976928710938
377,-0.9836666820338031,1.0,32,0.004226649878402267,0.05,0.11681178043363616,93.9248411655426
378,11.059039133973421,1.0,28,0.005895182164269985,0.05,0.10525349328028304,94.13599514961243
379,14.756192135997114,1.0,18,0.005014940934098933,0.05,0.10179508808586332,94.27650618553162
380,13.448631853354163,1.0,20,0.0017940596657591845,0.05,0.12202846826985478,94.42903399467468
381,14.158493126332177,1.0,19,0.0012335293221964472,0.05,0.09269246409990285,94.56459903717041
382,9.54336610767059,1.0,23,0.0029877416908472565,0.05,0.10171359664072162,94.72851085662842
383,12.109698907844722,1.0,22,0.009688129149693303,0.05,0.13091335792771794,94.88584327697754
384,17.25503495151643,1.0,20,0.01384628242409558,0.05,0.08589128712192177,95.02444219589233
385,14.42927216014359,1.0,19,0.00813191428199822,0.05,0.13101982580203758,95.15883588790894
386,12.998505916958674,1.0,20,0.0028932606369824754,0.05,0.11093609016388654,95.29810905456543
387,18.07702258831923,1.0,21,1.920288638784795e-05,0.05,0.12039774886908985,95.45719003677368
388,7.230363566521554,1.0,26,0.008876961362368263,0.05,0.1238790128666621,95.65854096412659
389,11.267294958606362,1.0,22,0.008216855421877778,0.05,0.13350044190883636,95.82973909378052
390,12.343206333182751,1.0,22,0.0028132593908142267,0.05,0.10872876440936868,95.99699020385742
391,17.89943850785494,1.0,8,0.01257018636679753,0.05,0.12085869582369924,96.05676794052124
392,15.772502158861606,1.0,17,0.01161568618622949,0.05,0.11264595312668997,96.18221712112427
393,11.43362782597542,1.0,28,0.015300757947238397,0.05,0.13015974120103888,96.37684202194214
394,16.198250682232903,1.0,15,0.0036470863730059255,0.05,0.08816507793962955,96.4791100025177
395,16.032375781820157,1.0,16,0.0036492554971372937,0.05,0.10931534226983786,96.5883572101593
396,4.317348470678551,1.0,28,0.011284089660075214,0.05,0.1232576962294323,96.78799891471863
397,-6.9232404144946535,1.0,37,0.017707322279637783,0.05,0.13102642371243722,97.06573796272278
398,-1.9638948860112606,1.0,34,0.009500662767085277,0.05,0.15597848369575598,97.32612800598145
399,15.272746352339162,1.0,17,0.0014057598908719382,0.05,0.11654870431212817,97.46011209487915
400,17.378844145333275,1.0,12,0.009774012011548344,0.05,0.125544971631219,97.55390620231628
401,11.504376138653607,1.0,22,0.004192277480395412,0.05,0.1143660895018415,97.7198178768158
402,5.614713791850951,1.0,27,0.002608798857313799,0.05,0.1337112698841978,97.91124296188354
403,15.771875828216434,1.0,16,0.00021185084668540188,0.05,0.13134465063922107,98.02722191810608
404,9.52536942656152,1.0,24,0.0248522592288154,0.05,0.10188731776239972,98.19207310676575
405,12.959179664950351,1.0,20,0.011276898432760696,0.05,0.12705446537584067,98.33313512802124
406,9.27686108071357,1.0,25,0.013638828867694852,0.05,0.10723657727241516,98.51362919807434
407,3.671138737606814,1.0,27,0.007718280835474545,0.05,0.11155884064458034,98.72170686721802
408,16.450837950280402,1.0,15,0.006158115301591605,0.05,0.13975533246994018,98.83705711364746
409,17.572657899325712,1.0,12,0.012403784152224637,0.05,0.09945830175032218,98.9293110370636
410,-2.977185574889887,1.0,33,0.010323673520872045,0.05,0.09068905652472467,99.18741297721863
411,14.751294628740286,1.0,18,0.0014778192334045648,0.05,0.11754084275000626,99.32257103919983
412,11.027316045836777,1.0,25,0.0038386621376205188,0.05,0.1248946176469326,99.4987461566925
413,17.741500922990962,1.0,10,0.0028142771663263316,0.05,0.1382609073072672,99.5713460445404
414,16.771044299472123,1.0,14,0.004942503349326305,0.05,0.15809611417353153,99.66955590248108
415,17.861811444954945,1.0,8,0.003471326666698542,0.05,0.11664431961253285,99.72538423538208
416,13.613891013246029,1.0,20,0.0008659816827835121,0.05,0.11398173756897449,99.86706924438477
417,4.262630988657472,1.0,27,0.0322254891979028,0.05,0.11998866167333391,100.05997610092163
418,9.890652136865537,1.0,24,0.012558816408910989,0.05,0.08861967075305681,100.23815107345581
419,3.9109410439152246,1.0,29,0.008581883601149753,0.05,0.12853033596585536,100.46294498443604
420,4.1032434103544775,1.0,27,0.00953282662220567,0.05,0.13064917404618528,100.67446613311768
421,1.6088313541375072,1.0,31,0.006578235733288196,0.05,0.12663594302871534,100.9138240814209
422,15.284345543151721,1.0,18,0.0014949666554356922,0.05,0.1146869237224261,101.05638813972473
423,3.4602302502142237,1.0,28,0.006920401541366639,0.05,0.12317801260256342,101.25781512260437
424,14.72166301854886,1.0,19,0.004892563540457862,0.05,0.10596394362418275,101.39583206176758
425,15.582355594821273,1.0,17,0.012488092720660038,0.05,0.14067230121616056,101.51846814155579
426,7.465786044928245,1.0,26,0.008427282092882127,0.05,0.11231374697616467,101.7074339389801
427,16.378888321493285,1.0,15,0.005256162845287182,0.05,0.11922481581568718,101.81899523735046
428,16.973923332593404,1.0,13,0.01706910450564636,0.05,0.14402519854215476,101.91999888420105
429,17.705611933366164,1.0,9,0.008595372267246895,0.05,0.1632557006345855,101.98702216148376
430,15.718925441603641,1.0,17,0.004158317389046262,0.05,0.11303289716734606,102.11883902549744
431,8.448149750265292,1.0,24,0.014837736027079163,0.05,0.13610267328719297,102.30182695388794
432,7.465417482936753,1.0,25,0.008887107518213533,0.05,0.1129105369001627,102.49615716934204
433,10.715151453111321,1.0,24,0.02015819989580936,0.05,0.0973804253929605,102.66374802589417
434,10.695468715485186,1.0,22,0.008747803064207194,0.05,0.1423804567788135,102.82042002677917
435,4.377801466779781,1.0,29,0.006484145033810673,0.05,0.13934418366386972,103.02842116355896
436,17.108514440525322,1.0,12,0.014342601953549139,0.05,0.1840327555934588,103.10809707641602
437,16.55748053499847,1.0,15,0.00036610486159488476,0.05,0.12560944346090158,103.2141330242157
438,9.17206787255709,1.0,25,0.005648774899903564,0.05,0.14151687785983086,103.38996124267578
439,4.4830922711291326,1.0,27,0.0020484997412952843,0.05,0.11234908744140908,103.59646797180176
440,10.091774282738333,1.0,23,0.007292120379015055,0.05,0.11462157057679218,103.77033996582031
441,12.858367552282289,1.0,21,0.0036492577349308553,0.05,0.119930741066734,103.93725204467773
442,11.183273793105036,1.0,22,0.012035995176969405,0.05,0.11784167909486727,104.10522794723511
443,15.695297685964032,1.0,17,0.001256990524891033,0.05,0.13531508121420355,104.22708010673523
444,7.485573324281723,1.0,26,0.003520184100198831,0.05,0.1104767404210109,104.40584897994995
445,15.857030680240133,1.0,17,0.005074357664076379,0.05,0.11272710298790652,104.52432918548584
446,12.49582313259598,1.0,29,0.001219233286382071,0.05,0.12667977052002116,104.72902226448059
447,13.352642082102829,1.0,21,0.01573671439556723,0.05,0.09904770065276396,104.88204407691956
448,17.045273649459705,1.0,13,0.005971486423546585,0.05,0.10975603787944867,104.97395086288452
449,8.829907086817547,1.0,25,0.004395300333179919,0.05,0.14943251714110375,105.16585421562195
450,13.241347669134848,1.0,21,0.002248980038588533,0.05,0.09456995306980043,105.33174109458923
451,4.45805901723215,1.0,28,0.0006214594007780683,0.05,0.11129753936880402,105.55450010299683
452,6.88232678172644,1.0,35,0.004246709453143316,0.05,0.11004763527640275,105.81823396682739
453,13.606930939282755,1.0,20,0.0023909283468713793,0.05,0.14542729882523417,105.9619402885437
454,-0.7189494779566346,1.0,32,0.007361327165803289,0.05,0.131015220656991,106.18817400932312
455,16.582174969278277,1.0,15,0.0204827016248898,0.05,0.13737643708785374,106.29084515571594
456,6.599289184529333,1.0,26,0.012556465188392818,0.05,0.12822553587074464,106.47795391082764
457,0.8637548648752258,1.0,31,0.011020811446845524,0.05,0.11421687708747003,106.7103910446167
458,14.763328633038327,1.0,19,0.014238634977389586,0.05,0.14722107252792307,106.8571081161499
459,-2.2059882693458377,1.0,33,0.011366344469209366,0.05,0.13088188873547496,107.11712408065796
460,13.63999708140036,1.0,20,0.012592513752911816,0.05,0.12824510745704173,107.26923418045044
461,20.192409467278047,1.0,15,0.00971834706321184,0.05,0.10801859560112158,107.37763905525208
462,10.006179493275702,1.0,23,0.00362515694067167,0.05,0.12224020335175421,107.54584121704102
463,5.227495840843765,1.0,26,0.008709308998307463,0.05,0.13330347664081132,107.73235011100769
464,17.16363348888699,1.0,13,0.0009078745580473613,0.05,0.16671496171217698,107.82550716400146
465,16.1051286582835,1.0,16,0.01970441214154056,0.05,0.1377612086944282,107.93677401542664
466,5.119142804364672,1.0,27,0.005467027448241346,0.05,0.11057000634846864,108.12917494773865
467,17.954486284404993,1.0,8,0.005689214530227493,0.05,0.10659225657582283,108.19021511077881
468,14.82142712676432,1.0,18,0.0019275830608423417,0.05,0.12815563732551205,108.33148002624512
469,2.9777959860628407,1.0,40,0.005371421547625044,0.05,0.12891710856929423,108.66102123260498
470,14.765923444414511,1.0,18,0.0019447722663797906,0.05,0.13075469310084978,108.80439805984497
471,17.876076876802834,1.0,8,0.0004377048670148216,0.05,0.14890290703624487,108.86603808403015
472,11.74123647083179,1.0,22,0.010082962073423518,0.05,0.12036181893199682,109.02390217781067
473,12.521228550112573,1.0,21,0.00037074598535946635,0.05,0.1377732703196151,109.1739182472229
474,11.925036257854662,1.0,21,0.007418675571094324,0.05,0.14223750822600864,109.31879711151123
475,6.799268028978258,1.0,27,0.008670899015816858,0.05,0.13726592236370952,109.5086510181427
476,15.512848387146368,1.0,16,0.009327449551263245,0.05,0.09758648788556457,109.62134504318237
477,14.384092810424045,1.0,18,0.0006065634192665703,0.05,0.15263708577387863,109.74629712104797
478,16.617470306600445,1.0,14,0.0014990478661426054,0.05,0.12878756810511863,109.85416603088379
479,7.692946475790813,1.0,25,0.0154840254514369,0.05,0.13178765073418616,110.04550123214722
480,9.807585851848126,1.0,24,0.016966825160789734,0.05,0.14760060616148016,110.23242807388306
481,9.471184809319675,1.0,24,0.009770681110244261,0.05,0.15278764418326318,110.4178569316864
482,15.460297342343257,1.0,24,0.00956851846870066,0.05,0.11656893813051283,110.59234094619751
483,9.660169487260282,1.0,24,0.010900696866665838,0.05,0.1186687230753402,110.76637506484985
484,17.63793119844049,1.0,11,0.0015649730395027178,0.05,0.1799516881054098,110.85415315628052
485,15.26309487586841,1.0,18,0.008069884638925662,0.05,0.1077302588770787,110.98078989982605
486,2.1489827514626043,1.0,31,0.0005056281239983473,0.05,0.10830458890526526,111.19859290122986
487,13.052804559841752,1.0,21,0.01114433867092468,0.05,0.12411893992906525,111.34539890289307
488,13.441254520462826,1.0,20,0.0020156273114630974,0.05,0.13299814900383353,111.50026416778564
489,6.054754718532786,1.0,27,0.00855604157328238,0.05,0.14543535808722177,111.71011924743652
490,15.210362663771956,1.0,23,0.014841774834127353,0.05,0.13722229829948882,111.88655304908752
491,15.082926806854084,1.0,18,0.013882902936050545,0.05,0.13348162029352453,112.02439403533936
492,16.599556689173916,1.0,15,0.0065497839728878016,0.05,0.13204901938637098,112.13636207580566
493,-1.5138074045069558,1.0,32,0.004063429730014612,0.05,0.13292999216355383,112.36638522148132
494,15.22603891007602,1.0,17,0.02100086123387579,0.05,0.12130526749088484,112.48353505134583
495,17.797748555318684,1.0,8,0.007979338305744037,0.05,0.13225170504301786,112.54163026809692
496,15.721597195853246,1.0,17,0.004407291405497615,0.05,0.15609974841422894,112.66124629974365
497,9.388880181126297,1.0,25,0.011859514683429273,0.05,0.16620103999972344,112.83704328536987
498,16.346720751834802,1.0,15,0.005277281811740642,0.05,0.10693991966545582,112.94407916069031
499,9.667107874061912,1.0,26,0.010103999019590804,0.05,0.14738696297773948,113.1406500339508
500,-1.402683911367788,1.0,33,0.004598015477183859,0.05,0.1341381696701953,113.39714908599854
501,16.668322270864156,1.0,15,0.010621584317649507,0.05,0.15918504757185778,113.5090799331665
502,17.51609239811078,1.0,11,0.003796900393625402,0.05,0.1502372995018959,113.59523105621338
503,14.13358794106316,1.0,20,6.365603491026439e-05,0.05,0.15302880182862283,113.74143886566162
504,8.744868271925952,1.0,25,0.01835933404686585,0.05,0.1521427570283413,113.92190408706665
505,10.454416181333363,1.0,22,0.016548354710833824,0.05,0.13628819830376993,114.08023595809937
506,15.305776987271383,1.0,17,0.0026516060793236873,0.05,0.15423887398313074,114.20265221595764
507,11.616069294977933,1.0,22,0.006799549837910868,0.05,0.17559872432188553,114.35945796966553
508,17.32608448737301,1.0,12,0.002812856021692789,0.05,0.1222444196852545,114.44343209266663
509,-0.47722969078459343,1.0,31,0.003672952161867915,0.05,0.12338010185668545,114.67606496810913
510,12.875187542964703,1.0,22,0.010503272554535537,0.05,0.1335354202680967,114.84149813652039
511,10.831562173458224,1.0,22,0.010186677269893973,0.05,0.1043773398480632,115.01249599456787
512,-2.095375490630982,1.0,33,0.005202374533163745,0.05,0.15199093560151983,115.2697069644928
513,15.415349724260158,1.0,17,0.008168357344564336,0.05,0.14205322787165642,115.39319610595703
514,9.877032380457967,1.0,23,0.011830653969395977,0.05,0.14404795286448105,115.56723809242249
515,6.550557936402036,1.0,26,0.0007864225397615776,0.05,0.12429023806292278,115.75370693206787
516,12.491136470087802,1.0,21,0.010297509471583144,0.05,0.14820282400718757,115.9021213054657
517,6.242401203187181,1.0,26,0.01628928858930445,0.05,0.1502599552846872,116.08699107170105
518,16.539916570670904,1.0,14,0.01036496530836925,0.05,0.14499456116131373,116.19066596031189
519,11.059325538843405,1.0,22,0.005459798125171056,0.05,0.140665914863348,116.36045503616333
520,12.798114610719495,1.0,20,0.010353092999966007,0.05,0.17542555034160615,116.52082705497742
521,14.712173392437396,1.0,18,0.005153989658628233,0.05,0.1269130145923959,116.66369414329529
522,11.713761666155188,1.0,23,0.01485487587079648,0.05,0.14799764987243258,116.8439998626709
523,16.552380415890365,1.0,15,0.007346731284375796,0.05,0.17011119276285172,116.95392990112305
524,-1.1806107261218166,1.0,33,0.010555961987923412,0.05,0.1366435560877576,117.18726706504822
525,12.068516603694297,1.0,22,0.0005189485443553021,0.05,0.13383189868181944,117.34174990653992
526,9.12206286083674,1.0,25,0.0023578988499284304,0.05,0.1267016276717186,117.51610207557678
527,6.883093371288849,1.0,26,0.003962456467255127,0.05,0.15157366200135305,117.69868898391724
528,10.401248439680785,1.0,23,0.0039386018284010005,0.05,0.14977779644338982,117.87003993988037
529,10.30949343959801,1.0,23,0.009489021924911412,0.05,0.1543981742275798,118.04440593719482
530,13.873464654013514,1.0,19,0.02307783532314034,0.05,0.1454464714778097,118.18707919120789
531,14.21236297932919,1.0,19,0.003734814438379641,0.05,0.14897814863606504,118.33156299591064
532,16.0631781083066,1.0,16,0.010890913616880049,0.05,0.13773780642077327,118.45224118232727
533,12.367032112996094,1.0,22,0.01179308159801673,0.05,0.13940622251142154,118.60838913917542
534,6.824929496273396,1.0,26,0.01575358619949707,0.05,0.1506061522433391,118.79212617874146
535,12.744144393620081,1.0,21,0.0004433428277993423,0.05,0.15284076820881592,118.94576096534729
536,17.740148416673765,1.0,8,0.001843071531619396,0.05,0.13125015888363123,119.00208926200867
537,16.312970735132694,1.0,15,0.0017913901117113662,0.05,0.1934759423136711,119.10816407203674
538,10.751647479273378,1.0,23,0.013775868232673405,0.05,0.17628539159246112,119.2678849697113
539,14.998740493977675,1.0,17,0.0015034414305521437,0.05,0.1460264971589341,119.39193415641785
540,15.996681467804592,1.0,16,0.003981457954763623,0.05,0.15265665855258703,119.51546907424927
541,11.574992824252694,1.0,23,0.01071867199411003,0.05,0.12540506166608437,119.68835020065308
542,-0.3296422833926087,1.0,31,0.01344742035702362,0.05,0.16067021790771716,119.92766404151917
543,16.728493100358172,1.0,14,0.005817923871571956,0.05,0.13337173951523645,120.03169822692871
544,16.1443960096105,1.0,16,0.011567134483585817,0.05,0.13009460212197155,120.15179014205933
545,16.77020357702859,1.0,14,0.006628316147856417,0.05,0.1563099566847086,120.25085306167603
546,-2.369461395370312,1.0,33,0.002589550523954154,0.05,0.12362087066426422,120.48913192749023
547,12.424038550490513,1.0,21,0.0011694584981069012,0.05,0.14128437354451134,120.63941192626953
548,10.910298576415515,1.0,23,0.009275331936528186,0.05,0.1309933510163556,120.81646990776062
549,16.96566321903374,1.0,14,0.016823317458539322,0.05,0.17484656747962748,120.91545104980469
550,11.998441817397543,1.0,21,0.001786773125392771,0.05,0.15475142880209855,121.07712912559509
551,12.218302647513337,1.0,22,0.007385008108575231,0.05,0.1309721258214929,121.24535322189331
552,16.51915675230557,1.0,14,0.00537693377621179,0.05,0.16578917524644307,121.35170412063599
553,14.27666634605266,1.0,19,0.0033534610367002005,0.05,0.15014422773138472,121.49721312522888
554,12.906962387589736,1.0,20,0.006039089745127124,0.05,0.11314193047583103,121.65060710906982
555,9.249079511010496,1.0,24,0.0027393165529137065,0.05,0.14451968499148884,121.82144403457642
556,-2.095484357886022,1.0,33,0.01686987504131876,0.05,0.14674075670314557,122.05846214294434
557,10.140350325778126,1.0,24,0.00709725186935084,0.05,0.17940024084722003,122.22406816482544
558,15.455328996200114,1.0,16,0.0028590890635586397,0.05,0.13877094816416502,122.33560109138489
559,6.393676621955817,1.0,26,0.002051994796487433,0.05,0.14437331746403986,122.5227370262146
560,16.555757177097256,1.0,14,0.005493720745939429,0.05,0.16851194681865828,122.63131403923035
561,14.321381807955913,1.0,19,0.0013308666695325821,0.05,0.1535213309291162,122.77838110923767
562,15.86939703269163,1.0,16,0.0014688224165447794,0.05,0.1551240268163383,122.90241312980652
563,12.81124210441485,1.0,20,0.002167066644436888,0.05,0.16235922249034046,123.05236411094666
564,8.50552364969626,1.0,24,0.02278252593651353,0.05,0.1276972903870046,123.23744916915894
565,12.719091570912859,1.0,21,0.006577725007891555,0.05,0.14659395246278673,123.39115595817566
566,15.948324746952856,1.0,16,0.00018368155669179487,0.05,0.13760708016343415,123.50603604316711
567,10.760286397580057,1.0,23,0.01331189773521635,0.05,0.1463152030887811,123.66696429252625
568,17.636159077938647,1.0,9,0.0052700405960730695,0.05,0.1650977006389035,123.73258209228516
569,10.67694931421429,1.0,23,0.007654965314619511,0.05,0.1278768992456405,123.90651106834412
570,13.766083205211906,1.0,20,0.0027482057334740073,0.05,0.15814796686172486,124.04641723632812
571,5.490914067509581,1.0,27,0.0032865272441759963,0.05,0.15678672161367205,124.24638414382935
572,11.024751887563617,1.0,23,0.00670568226552104,0.05,0.1319677511473065,124.42353987693787
573,-2.1675005081575414,1.0,33,0.008566888473258372,0.05,0.1366008876286673,124.67982196807861
574,17.67533279694617,1.0,9,0.011455463357713455,0.05,0.16252110857102606,124.74624991416931
575,10.047139255353251,1.0,23,0.0011375885416273768,0.05,0.1359996800513371,124.92228293418884
576,15.615611068613362,1.0,17,0.014530020592653736,0.05,0.13908385496367426,125.0422260761261
577,13.903398445941274,1.0,19,0.003360037310666253,0.05,0.1510918291383668,125.17704319953918
578,1.9630673035047899,1.0,30,0.0026915462625487496,0.05,0.14700823730478685,125.39310002326965
579,15.834456813323776,1.0,16,0.010918672770400095,0.05,0.15293323388323188,125.5066192150116
580,16.630069350003033,1.0,22,0.00047747933502662043,0.05,0.14370560535991733,125.66154789924622
581,10.771372900600545,1.0,23,0.002812416964917852,0.05,0.1212422612082699,125.83458304405212
582,10.26123868431896,1.0,23,0.013070908822732874,0.05,0.15146007064891898,126.01313400268555
583,17.581100157648322,1.0,10,0.0030095913958765597,0.05,0.15271828472614288,126.08933401107788
584,16.936948560690507,1.0,13,0.01174672092261414,0.05,0.182298620732931,126.18936896324158
585,13.84320686487481,1.0,20,0.005846301427146483,0.05,0.16868877140805125,126.34604215621948
586,-1.0813667439622847,1.0,31,0.005084645869947835,0.05,0.1631362832361652,126.58264112472534
587,3.8050340918824057,1.0,29,0.006343691862240819,0.05,0.1276580000232006,126.79163002967834
588,14.92820938974619,1.0,19,0.016892167738470132,0.05,0.1222171301120206,126.9277241230011
589,3.8396800745744217,1.0,28,0.006535084381454448,0.05,0.1436446511984936,127.12803411483765
590,11.990835360810161,1.0,21,0.010292821274450858,0.05,0.13271222086179824,127.27567315101624
591,12.175214771460741,1.0,21,0.003975011068938383,0.05,0.14664767806728682,127.43223404884338
592,0.515701327065468,1.0,32,0.004805612501890488,0.05,0.149259970523417,127.68450713157654
593,3.537078656163062,1.0,28,0.005199330992396778,0.05,0.13806210518149392,127.89723896980286
594,17.545073952374516,1.0,8,0.0007424669717739298,0.05,0.13315206370316446,127.96039509773254
595,17.61458025702741,1.0,8,0.00684530436422922,0.05,0.1402203890029341,128.02176928520203
596,17.08378017861396,1.0,13,0.0004609876824154535,0.05,0.13215712866244408,128.11858916282654
597,2.5328732658294015,1.0,29,0.00594380329195654,0.05,0.16901652039638881,128.32696223258972
598,16.469033686525655,1.0,22,0.016962598711695365,0.05,0.14251248276030476,128.4812309741974
599,11.286741687171162,1.0,24,0.00199032902948304,0.05,0.17693584730538228,128.6503221988678
600,15.130124142311978,1.0,17,0.010632037728103949,0.05,0.12171946438577246,128.77222228050232
